
-- inserciones empleados
-- Sucursal 1 (Bogotá)
INSERT INTO Empleados (sucursal_id, cedula, nombres, apellidos, direccion, ciudad_residencia, celular, correo_electronico) VALUES
(1, '1010101001', 'Alberto', 'García', 'Calle 123 # 45-67', 'Bogotá', '321-123-4567', 'alberto.garcia@autorenta.com'),
(1, '1010101002', 'Lucía', 'Ramírez', 'Carrera 78 # 34-56', 'Bogotá', '321-234-5678', 'lucia.ramirez@autorenta.com'),
(1, '1010101003', 'Fernando', 'Moreno', 'Av. Primera # 12-34', 'Bogotá', '321-345-6789', 'fernando.moreno@autorenta.com'),
(1, '1010101004', 'Isabela', 'Torres', 'Cra. 56 # 78-90', 'Bogotá', '321-456-7890', 'isabela.torres@autorenta.com'),
(1, '1010101005', 'Héctor', 'Castro', 'Cl. 90 # 56-78', 'Bogotá', '321-567-8901', 'hector.castro@autorenta.com'),
(1, '1010101006', 'Claudia', 'Vargas', 'Cra. 23 # 45-67', 'Bogotá', '321-678-9012', 'claudia.vargas@autorenta.com'),
(1, '1010101007', 'Tomás', 'Ríos', 'Av. 34 # 56-78', 'Bogotá', '321-789-0123', 'tomas.rios@autorenta.com'),
(1, '1010101008', 'Gabriela', 'Medina', 'Cl. 67 # 89-01', 'Bogotá', '321-890-1234', 'gabriela.medina@autorenta.com'),
(1, '1010101009', 'Mario', 'Suárez', 'Cra. 12 # 34-56', 'Bogotá', '321-901-2345', 'mario.suarez@autorenta.com'),
(1, '1010101010', 'Andrea', 'Rojas', 'Av. 56 # 78-90', 'Bogotá', '321-012-3456', 'andrea.rojas@autorenta.com'),
(1, '1010101011', 'Ricardo', 'Mendoza', 'Cl. 78 # 90-12', 'Bogotá', '321-123-4567', 'ricardo.mendoza@autorenta.com'),
(1, '1010101012', 'Sebastián', 'Díaz', 'Cra. 34 # 56-78', 'Bogotá', '321-234-5678', 'sebastian.diaz@autorenta.com'),
(1, '1010101013', 'Paula', 'Morales', 'Av. 45 # 67-89', 'Bogotá', '321-345-6789', 'paula.morales@autorenta.com'),
(1, '1010101014', 'Jorge', 'Luna', 'Cl. 56 # 78-90', 'Bogotá', '321-456-7890', 'jorge.luna@autorenta.com'),
(1, '1010101015', 'Alejandra', 'Ortiz', 'Cra. 78 # 90-12', 'Bogotá', '321-567-8901', 'alejandra.ortiz@autorenta.com'),
(1, '1010101016', 'Esteban', 'Guerrero', 'Av. 12 # 34-56', 'Bogotá', '321-678-9012', 'esteban.guerrero@autorenta.com'),
(1, '1010101017', 'Natalia', 'Peña', 'Cl. 34 # 56-78', 'Bogotá', '321-789-0123', 'natalia.pena@autorenta.com'),
(1, '1010101018', 'Rodrigo', 'Soto', 'Cra. 56 # 78-90', 'Bogotá', '321-890-1234', 'rodrigo.soto@autorenta.com'),
(1, '1010101019', 'Elena', 'Bautista', 'Av. 67 # 89-01', 'Bogotá', '321-901-2345', 'elena.bautista@autorenta.com'),
(1, '1010101020', 'Pablo', 'Reyes', 'Cl. 23 # 45-67', 'Bogotá', '321-012-3456', 'pablo.reyes@autorenta.com'),
-- Sucursal 2 (Medellín)
(2, '2020202001', 'Rodrigo', 'Moreno', 'Cra. 12 # 34-56', 'Medellín', '321-123-4567', 'rodrigo.moreno@autorenta.com'),
(2, '2020202002', 'Elena', 'Soto', 'Cl. 45 # 67-89', 'Medellín', '321-234-5678', 'elena.soto@autorenta.com'),
(2, '2020202003', 'Sergio', 'Vargas', 'Av. 78 # 90-12', 'Medellín', '321-345-6789', 'sergio.vargas@autorenta.com'),
(2, '2020202004', 'Diana', 'Peña', 'Cra. 34 # 56-78', 'Medellín', '321-456-7890', 'diana.pena@autorenta.com'),
(2, '2020202005', 'Fernando', 'Suárez', 'Cl. 56 # 78-90', 'Medellín', '321-567-8901', 'fernando.suarez@autorenta.com'),
(2, '2020202006', 'Daniela', 'Torres', 'Av. 67 # 89-01', 'Medellín', '321-678-9012', 'daniela.torres@autorenta.com'),
(2, '2020202007', 'Álvaro', 'Castro', 'Cra. 78 # 90-12', 'Medellín', '321-789-0123', 'alvaro.castro@autorenta.com'),
(2, '2020202008', 'Julia', 'Bautista', 'Cl. 23 # 45-67', 'Medellín', '321-890-1234', 'julia.bautista@autorenta.com'),
(2, '2020202009', 'Rafael', 'Guzmán', 'Av. 12 # 34-56', 'Medellín', '321-901-2345', 'rafael.guzman@autorenta.com'),
(2, '2020202010', 'María Teresa', 'Vega', 'Cra. 45 # 67-89', 'Medellín', '321-012-3456', 'mariateresa.vega@autorenta.com'),
(2, '2020202011', 'Claudia', 'Ríos', 'Cl. 78 # 90-12', 'Medellín', '321-123-4567', 'claudia.rios@autorenta.com'),
(2, '2020202012', 'Gustavo', 'Molina', 'Av. 34 # 56-78', 'Medellín', '321-234-5678', 'gustavo.molina@autorenta.com'),
(2, '2020202013', 'Natalia', 'Paredes', 'Cra. 56 # 78-90', 'Medellín', '321-345-6789', 'natalia.paredes@autorenta.com'),
(2, '2020202014', 'Héctor', 'Ortega', 'Cl. 12 # 34-56', 'Medellín', '321-456-7890', 'hector.ortega@autorenta.com'),
(2, '2020202015', 'Laura', 'Guerrero', 'Av. 56 # 78-90', 'Medellín', '321-567-8901', 'laura.guerrero@autorenta.com'),
(2, '2020202016', 'Jaime', 'Reyes', 'Cra. 23 # 45-67', 'Medellín', '321-678-9012', 'jaime.reyes@autorenta.com'),
(2, '2020202017', 'Verónica', 'Núñez', 'Cl. 34 # 56-78', 'Medellín', '321-789-0123', 'veronica.nunez@autorenta.com'),
(2, '2020202018', 'Luis', 'Quintero', 'Av. 45 # 67-89', 'Medellín', '321-890-1234', 'luis.quintero@autorenta.com'),
(2, '2020202019', 'Patricia', 'Roldán', 'Cl. 56 # 78-90', 'Medellín', '321-901-2345', 'patricia.roldan@autorenta.com'),
(2, '2020202020', 'Esteban', 'Lemus', 'Cra. 78 # 90-12', 'Medellín', '321-012-3456', 'esteban.lemus@autorenta.com'),
-- Sucursal 3 (Cali)
(3, '3030303001', 'Carlos', 'Torres', 'Cra. 34 # 56-78', 'Cali', '321-123-4567', 'carlos.torres@autorenta.com'),
(3, '3030303002', 'Diana', 'Mendoza', 'Cl. 56 # 78-90', 'Cali', '321-234-5678', 'diana.mendoza@autorenta.com'),
(3, '3030303003', 'Raúl', 'Rojas', 'Av. 67 # 89-01', 'Cali', '321-345-6789', 'raul.rojas@autorenta.com'),
(3, '3030303004', 'Julia', 'Núñez', 'Cra. 78 # 90-12', 'Cali', '321-456-7890', 'julia.nunez@autorenta.com'),
(3, '3030303005', 'Álvaro', 'Cruz', 'Cl. 23 # 45-67', 'Cali', '321-567-8901', 'alvaro.cruz@autorenta.com'),
(3, '3030303006', 'Lucía', 'Salazar', 'Av. 12 # 34-56', 'Cali', '321-678-9012', 'lucia.salazar@autorenta.com'),
(3, '3030303007', 'Hugo', 'Ortiz', 'Cra. 45 # 67-89', 'Cali', '321-789-0123', 'hugo.ortiz@autorenta.com'),
(3, '3030303008', 'Adriana', 'Pardo', 'Cl. 78 # 90-12', 'Cali', '321-890-1234', 'adriana.pardo@autorenta.com'),
(3, '3030303009', 'Gustavo', 'Ruiz', 'Av. 34 # 56-78', 'Cali', '321-901-2345', 'gustavo.ruiz@autorenta.com'),
(3, '3030303010', 'Fernanda', 'Lemus', 'Cra. 56 # 78-90', 'Cali', '321-012-3456', 'fernanda.lemus@autorenta.com'),
(3, '3030303011', 'Julio', 'Muñoz', 'Cl. 67 # 89-01', 'Cali', '321-123-4567', 'julio.munoz@autorenta.com'),
(3, '3030303012', 'Elisa', 'Medina', 'Av. 78 # 90-12', 'Cali', '321-234-5678', 'elisa.medina@autorenta.com'),
(3, '3030303013', 'Cristian', 'Herrera', 'Cra. 12 # 34-56', 'Cali', '321-345-6789', 'cristian.herrera@autorenta.com'),
(3, '3030303014', 'Susana', 'Valencia', 'Cl. 34 # 56-78', 'Cali', '321-456-7890', 'susana.valencia@autorenta.com'),
(3, '3030303015', 'Emilio', 'Barreto', 'Av. 45 # 67-89', 'Cali', '321-567-8901', 'emilio.barreto@autorenta.com'),
(3, '3030303016', 'Mónica', 'Pérez', 'Cra. 78 # 90-12', 'Cali', '321-678-9012', 'monica.perez@autorenta.com'),
(3, '3030303017', 'Esteban', 'Gil', 'Cl. 90 # 12-34', 'Cali', '321-789-0123', 'esteban.gil@autorenta.com'),
(3, '3030303018', 'Marcela', 'Acosta', 'Av. 21 # 43-65', 'Cali', '321-890-1234', 'marcela.acosta@autorenta.com'),
(3, '3030303019', 'Pablo', 'Guzmán', 'Cra. 65 # 87-09', 'Cali', '321-901-2345', 'pablo.guzman@autorenta.com'),
(3, '3030303020', 'Carolina', 'Mejía', 'Cl. 87 # 09-21', 'Cali', '321-012-3456', 'carolina.mejia@autorenta.com'),
-- Sucursal 4 (Barranquilla)
(4, '4040404001', 'Diego', 'Rodríguez', 'Cl. 56 # 78-90', 'Barranquilla', '321-123-4567', 'diego.rodriguez@autorenta.com'),
(4, '4040404002', 'Elena', 'Castillo', 'Cra. 33 # 543', 'Barranquilla', '321-321-6543', 'elena.castillo@autorenta.com'),
(4, '4040404003', 'Alberto', 'Mendoza', 'Cl. 34 # 432', 'Barranquilla', '321-432-7654', 'alberto.mendoza@autorenta.com'),
(4, '4040404004', 'Marta', 'Ruiz', 'Av. 35 # 321', 'Barranquilla', '321-543-8765', 'marta.ruiz@autorenta.com'),
(4, '4040404005', 'Fernando', 'Morales', 'Cra. 36 # 210', 'Barranquilla', '321-654-9876', 'fernando.morales@autorenta.com'),
(4, '4040404006', 'Laura', 'Cortés', 'Av. 37 # 109', 'Barranquilla', '321-765-0987', 'laura.cortes@autorenta.com'),
(4, '4040404007', 'Hugo', 'Ríos', 'Cl. 38 # 908', 'Barranquilla', '321-876-1098', 'hugo.rios@autorenta.com'),
(4, '4040404008', 'Carmen', 'Pérez', 'Cra. 39 # 987', 'Barranquilla', '321-987-2109', 'carmen.perez@autorenta.com'),
(4, '4040404009', 'Samuel', 'Valencia', 'Av. 40 # 876', 'Barranquilla', '321-098-3210', 'samuel.valencia@autorenta.com'),
(4, '4040404010', 'Paula', 'Vargas', 'Cl. 41 # 765', 'Barranquilla', '321-210-4321', 'paula.vargas@autorenta.com'),
(4, '4040404011', 'Ricardo', 'Medina', 'Cra. 42 # 654', 'Barranquilla', '321-321-5432', 'ricardo.medina@autorenta.com'),
(4, '4040404012', 'Verónica', 'Guzmán', 'Av. 43 # 543', 'Barranquilla', '321-432-6543', 'veronica.guzman@autorenta.com'),
(4, '4040404013', 'Eduardo', 'Salinas', 'Cl. 44 # 432', 'Barranquilla', '321-543-7654', 'eduardo.salinas@autorenta.com'),
(4, '4040404014', 'Pilar', 'Montoya', 'Cra. 45 # 321', 'Barranquilla', '321-654-8765', 'pilar.montoya@autorenta.com'),
(4, '4040404015', 'Rodrigo', 'Arias', 'Av. 46 # 210', 'Barranquilla', '321-765-9876', 'rodrigo.arias@autorenta.com'),
(4, '4040404016', 'Ángela', 'Soto', 'Cl. 47 # 109', 'Barranquilla', '321-876-0987', 'angela.soto@autorenta.com'),
(4, '4040404017', 'Felipe', 'Molina', 'Cra. 48 # 908', 'Barranquilla', '321-987-1098', 'felipe.molina@autorenta.com'),
(4, '4040404018', 'Nora', 'Blanco', 'Av. 49 # 987', 'Barranquilla', '321-098-2109', 'nora.blanco@autorenta.com'),
(4, '4040404019', 'Luis', 'Cabrera', 'Cl. 50 # 876', 'Barranquilla', '321-210-3210', 'luis.cabrera@autorenta.com'),
(4, '4040404020', 'Daniela', 'Luna', 'Cra. 51 # 765', 'Barranquilla', '321-321-4321', 'daniela.luna@autorenta.com'),
-- Sucursal 5 (Cartagena)
(5, '5050505001', 'Carlos', 'García', 'Av. 56 # 78-90', 'Cartagena', '321-123-4567', 'carlos.garcia@autorenta.com'),
(5, '5050505002', 'Ana', 'Torres', 'Cl. 67 # 89-01', 'Cartagena', '321-234-5678', 'ana.torres@autorenta.com'),
(5, '5050505003', 'Luis', 'Mora', 'Cra. 78 # 90-12', 'Cartagena', '321-345-6789', 'luis.mora@autorenta.com'),
(5, '5050505004', 'Rosa', 'Moreno', 'Av. 12 # 34-56', 'Cartagena', '321-456-7890', 'rosa.moreno@autorenta.com'),
(5, '5050505005', 'Felipe', 'Cruz', 'Cl. 23 # 45-67', 'Cartagena', '321-567-8901', 'felipe.cruz@autorenta.com'),
(5, '5050505006', 'Laura', 'Paredes', 'Cra. 34 # 56-78', 'Cartagena', '321-678-9012', 'laura.paredes@autorenta.com'),
(5, '5050505007', 'Pedro', 'Serrano', 'Av. 45 # 67-89', 'Cartagena', '321-789-0123', 'pedro.serrano@autorenta.com'),
(5, '5050505008', 'Elena', 'Vargas', 'Cl. 56 # 78-90', 'Cartagena', '321-890-1234', 'elena.vargas@autorenta.com'),
(5, '5050505009', 'David', 'Flores', 'Cra. 67 # 89-01', 'Cartagena', '321-901-2345', 'david.flores@autorenta.com'),
(5, '5050505010', 'Paula', 'Rojas', 'Av. 78 # 90-12', 'Cartagena', '321-012-3456', 'paula.rojas@autorenta.com'),
(5, '5050505011', 'Andrés', 'Molina', 'Cl. 89 # 01-23', 'Cartagena', '321-123-4567', 'andres.molina@autorenta.com'),
(5, '5050505012', 'Marta', 'Ortega', 'Cra. 90 # 12-34', 'Cartagena', '321-234-5678', 'marta.ortega@autorenta.com'),
(5, '5050505013', 'Gabriel', 'Romero', 'Av. 01 # 23-45', 'Cartagena', '321-345-6789', 'gabriel.romero@autorenta.com'),
(5, '5050505014', 'Clara', 'Núñez', 'Cl. 12 # 34-56', 'Cartagena', '321-456-7890', 'clara.nunez@autorenta.com'),
(5, '5050505015', 'Hugo', 'Santos', 'Cra. 23 # 45-67', 'Cartagena', '321-567-8901', 'hugo.santos@autorenta.com'),
(5, '5050505016', 'Irene', 'Hernández', 'Av. 34 # 56-78', 'Cartagena', '321-678-9012', 'irene.hernandez@autorenta.com'),
(5, '5050505017', 'Raúl', 'Ramos', 'Cl. 45 # 67-89', 'Cartagena', '321-789-0123', 'raul.ramos@autorenta.com'),
(5, '5050505018', 'Julia', 'Lara', 'Cra. 56 # 78-90', 'Cartagena', '321-890-1234', 'julia.lara@autorenta.com'),
(5, '5050505019', 'Mario', 'Suárez', 'Av. 67 # 89-01', 'Cartagena', '321-901-2345', 'mario.suarez@autorenta.com'),
(5, '5050505020', 'Alejandra', 'Peña', 'Cl. 78 # 90-12', 'Cartagena', '321-012-3456', 'alejandra.pena@autorenta.com');


-- inserciones clientes
-- Sucursal 1 (Bogotá)
INSERT INTO Clientes (cedula, nombres, apellidos, direccion, ciudad_residencia, celular, correo_electronico) VALUES
('1010101001', 'José', 'Méndez', 'Cl. 34 # 56-78', 'Bogotá', '311-123-4567', 'jose.mendez@cliente.com'),
('1010101002', 'Diana', 'Ortega', 'Av. 45 # 67-89', 'Bogotá', '311-234-5678', 'diana.ortega@cliente.com'),
('1010101003', 'Ricardo', 'Luna', 'Cra. 56 # 78-90', 'Bogotá', '311-345-6789', 'ricardo.luna@cliente.com'),
('1010101004', 'Paula', 'Castro', 'Cl. 67 # 89-01', 'Bogotá', '311-456-7890', 'paula.castro@cliente.com'),
('1010101005', 'Eduardo', 'Rivera', 'Av. 78 # 90-12', 'Bogotá', '311-567-8901', 'eduardo.rivera@cliente.com'),
('1010101006', 'Lorena', 'Vargas', 'Cl. 12 # 34-56', 'Bogotá', '311-678-9012', 'lorena.vargas@cliente.com'),
('1010101007', 'Julio', 'Mendoza', 'Cra. 23 # 45-67', 'Bogotá', '311-789-0123', 'julio.mendoza@cliente.com'),
('1010101008', 'Isabel', 'Sánchez', 'Av. 34 # 56-78', 'Bogotá', '311-890-1234', 'isabel.sanchez@cliente.com'),
('1010101009', 'Pablo', 'Chávez', 'Cl. 45 # 67-89', 'Bogotá', '311-901-2345', 'pablo.chavez@cliente.com'),
('1010101010', 'Nuria', 'Peña', 'Cra. 56 # 78-90', 'Bogotá', '311-012-3456', 'nuria.pena@cliente.com'),
('1010101011', 'Fernando', 'González', 'Av. 67 # 89-01', 'Bogotá', '311-123-4567', 'fernando.gonzalez@cliente.com'),
('1010101012', 'Sandra', 'Ortiz', 'Cl. 78 # 90-12', 'Bogotá', '311-234-5678', 'sandra.ortiz@cliente.com'),
('1010101013', 'Miguel', 'Ramírez', 'Cra. 89 # 01-23', 'Bogotá', '311-345-6789', 'miguel.ramirez@cliente.com'),
('1010101014', 'Patricia', 'Hernández', 'Av. 90 # 12-34', 'Bogotá', '311-456-7890', 'patricia.hernandez@cliente.com'),
('1010101015', 'Raquel', 'López', 'Cl. 01 # 23-45', 'Bogotá', '311-567-8901', 'raquel.lopez@cliente.com'),
('1010101016', 'Victor', 'Rojas', 'Cra. 12 # 34-56', 'Bogotá', '311-678-9012', 'victor.rojas@cliente.com'),
('1010101017', 'Silvia', 'Morales', 'Av. 23 # 45-67', 'Bogotá', '311-789-0123', 'silvia.morales@cliente.com'),
('1010101018', 'Ramón', 'Pérez', 'Cl. 34 # 56-78', 'Bogotá', '311-890-1234', 'ramon.perez@cliente.com'),
('1010101019', 'Gabriela', 'Suárez', 'Cra. 45 # 67-89', 'Bogotá', '311-901-2345', 'gabriela.suarez@cliente.com'),
('1010101020', 'Roberto', 'Martín', 'Av. 56 # 78-90', 'Bogotá', '311-012-3456', 'roberto.martin@cliente.com'),
-- Sucursal 2 (Medellín)
('2020202001', 'Carla', 'Núñez', 'Cl. 56 # 78-90', 'Medellín', '322-123-4567', 'carla.nunez@cliente.com'),
('2020202002', 'Carlos', 'Pérez', 'Av. 67 # 89-01', 'Medellín', '322-234-5678', 'carlos.perez@cliente.com'),
('2020202003', 'Ana', 'Díaz', 'Cra. 78 # 90-12', 'Medellín', '322-345-6789', 'ana.diaz@cliente.com'),
('2020202004', 'Jorge', 'Gutiérrez', 'Cl. 23 # 45-67', 'Medellín', '322-456-7890', 'jorge.gutierrez@cliente.com'),
('2020202005', 'María', 'Vargas', 'Av. 12 # 34-56', 'Medellín', '322-567-8901', 'maria.vargas@cliente.com'),
('2020202006', 'Pedro', 'Rojas', 'Cra. 45 # 67-89', 'Medellín', '322-678-9012', 'pedro.rojas@cliente.com'),
('2020202007', 'Carolina', 'Fernández', 'Cl. 78 # 90-12', 'Medellín', '322-789-0123', 'carolina.fernandez@cliente.com'),
('2020202008', 'Julio', 'Castillo', 'Av. 34 # 56-78', 'Medellín', '322-890-1234', 'julio.castillo@cliente.com'),
('2020202009', 'Laura', 'Soto', 'Cl. 56 # 78-90', 'Medellín', '322-901-2345', 'laura.soto@cliente.com'),
('2020202010', 'Federico', 'Molina', 'Av. 67 # 89-01', 'Medellín', '322-012-3456', 'federico.molina@cliente.com'),
('2020202011', 'Gabriela', 'Reyes', 'Cra. 78 # 90-12', 'Medellín', '322-123-4567', 'gabriela.reyes@cliente.com'),
('2020202012', 'Alberto', 'Vargas', 'Cl. 23 # 45-67', 'Medellín', '322-234-5678', 'alberto.vargas@cliente.com'),
('2020202013', 'Mariana', 'Rivas', 'Av. 12 # 34-56', 'Medellín', '322-345-6789', 'mariana.rivas@cliente.com'),
('2020202014', 'Rodrigo', 'Peña', 'Cra. 45 # 67-89', 'Medellín', '322-456-7890', 'rodrigo.pena@cliente.com'),
('2020202015', 'Irene', 'Hernández', 'Cl. 78 # 90-12', 'Medellín', '322-567-8901', 'irene.hernandez@cliente.com'),
('2020202016', 'Esteban', 'Suárez', 'Av. 34 # 56-78', 'Medellín', '322-678-9012', 'esteban.suarez@cliente.com'),
('2020202017', 'Lorena', 'Moreno', 'Cl. 56 # 78-90', 'Medellín', '322-789-0123', 'lorena.moreno@cliente.com'),
('2020202018', 'Nicolás', 'Torres', 'Av. 67 # 89-01', 'Medellín', '322-890-1234', 'nicolas.torres@cliente.com'),
('2020202019', 'Alicia', 'Paredes', 'Cra. 78 # 90-12', 'Medellín', '322-901-2345', 'alicia.paredes@cliente.com'),
('2020202020', 'Miguel', 'Flores', 'Cl. 56 # 78-90', 'Medellín', '322-012-3456', 'miguel.flores@cliente.com'),
 -- sucursal 3 (cali)
('3030303001', 'Lucía', 'González', 'Av. 67 # 89-01', 'Cali', '333-123-4567', 'lucia.gonzalez@cliente.com'),
('3030303002', 'Ricardo', 'Fernández', 'Cl. 78 # 90-12', 'Cali', '333-234-5678', 'ricardo.fernandez@cliente.com'),
('3030303003', 'Isabel', 'Muñoz', 'Cra. 89 # 01-23', 'Cali', '333-345-6789', 'isabel.munoz@cliente.com'),
('3030303004', 'Enrique', 'Rodríguez', 'Av. 90 # 12-34', 'Cali', '333-456-7890', 'enrique.rodriguez@cliente.com'),
('3030303005', 'Laura', 'Ortega', 'Cl. 01 # 23-45', 'Cali', '333-567-8901', 'laura.ortega@cliente.com'),
('3030303006', 'Fernando', 'Silva', 'Cra. 12 # 34-56', 'Cali', '333-678-9012', 'fernando.silva@cliente.com'),
('3030303007', 'Patricia', 'Navarro', 'Av. 23 # 45-67', 'Cali', '333-789-0123', 'patricia.navarro@cliente.com'),
('3030303008', 'Emilio', 'Hernández', 'Cl. 34 # 56-78', 'Cali', '333-890-1234', 'emilio.hernandez@cliente.com'),
('3030303009', 'Antonia', 'Mendoza', 'Cra. 45 # 67-89', 'Cali', '333-901-2345', 'antonia.mendoza@cliente.com'),
('3030303010', 'Gustavo', 'Jiménez', 'Av. 56 # 78-90', 'Cali', '333-012-3456', 'gustavo.jimenez@cliente.com'),
('3030303011', 'Sara', 'Castro', 'Cl. 67 # 89-01', 'Cali', '333-123-4567', 'sara.castro@cliente.com'),
('3030303012', 'Raúl', 'Morales', 'Cra. 78 # 90-12', 'Cali', '333-234-5678', 'raul.morales@cliente.com'),
('3030303013', 'Elena', 'Ríos', 'Av. 89 # 01-23', 'Cali', '333-345-6789', 'elena.rios@cliente.com'),
('3030303014', 'Eduardo', 'Domínguez', 'Cl. 90 # 12-34', 'Cali', '333-456-7890', 'eduardo.dominguez@cliente.com'),
('3030303015', 'Victoria', 'Figueroa', 'Cra. 01 # 23-45', 'Cali', '333-567-8901', 'victoria.figueroa@cliente.com'),
('3030303016', 'Alfonso', 'Pacheco', 'Av. 12 # 34-56', 'Cali', '333-678-9012', 'alfonso.pacheco@cliente.com'),
('3030303017', 'Natalia', 'Espinoza', 'Cl. 23 # 45-67', 'Cali', '333-789-0123', 'natalia.espinoza@cliente.com'),
('3030303018', 'César', 'Lara', 'Av. 34 # 56-78', 'Cali', '333-890-1234', 'cesar.lara@cliente.com'),
('3030303019', 'Marta', 'Márquez', 'Cl. 45 # 67-89', 'Cali', '333-901-2345', 'marta.marquez@cliente.com'),
('3030303020', 'Hugo', 'Serrano', 'Cra. 56 # 78-90', 'Cali', '333-012-3456', 'hugo.serrano@cliente.com'),
-- surcursal 4 (barranquilla)
('4040404001', 'Laura', 'González', 'Av. 45 # 67-89', 'Barranquilla', '344-123-4567', 'laura.gonzalez@cliente.com'),
('4040404002', 'Ricardo', 'Fernández', 'Cl. 56 # 78-90', 'Barranquilla', '344-234-5678', 'ricardo.fernandez@cliente.com'),
('4040404003', 'Isabel', 'Muñoz', 'Av. 67 # 89-01', 'Barranquilla', '344-345-6789', 'isabel.munoz@cliente.com'),
('4040404004', 'Enrique', 'Rodríguez', 'Cl. 78 # 90-12', 'Barranquilla', '344-456-7890', 'enrique.rodriguez@cliente.com'),
('4040404005', 'Natalia', 'Ortega', 'Av. 89 # 01-23', 'Barranquilla', '344-567-8901', 'natalia.ortega@cliente.com'),
('4040404006', 'Fernando', 'Silva', 'Cl. 90 # 12-34', 'Barranquilla', '344-678-9012', 'fernando.silva@cliente.com'),
('4040404007', 'Patricia', 'Navarro', 'Av. 01 # 23-45', 'Barranquilla', '344-789-0123', 'patricia.navarro@cliente.com'),
('4040404008', 'Emilio', 'Hernández', 'Cl. 12 # 34-56', 'Barranquilla', '344-890-1234', 'emilio.hernandez@cliente.com'),
('4040404009', 'Antonia', 'Mendoza', 'Av. 23 # 45-67', 'Barranquilla', '344-901-2345', 'antonia.mendoza@cliente.com'),
('4040404010', 'Gustavo', 'Jiménez', 'Cl. 34 # 56-78', 'Barranquilla', '344-012-3456', 'gustavo.jimenez@cliente.com'),
('4040404011', 'Sara', 'Castro', 'Av. 45 # 67-89', 'Barranquilla', '344-123-4567', 'sara.castro@cliente.com'),
('4040404012', 'Raúl', 'Morales', 'Cl. 56 # 78-90', 'Barranquilla', '344-234-5678', 'raul.morales@cliente.com'),
('4040404013', 'Elena', 'Ríos', 'Av. 67 # 89-01', 'Barranquilla', '344-345-6789', 'elena.rios@cliente.com'),
('4040404014', 'Eduardo', 'Domínguez', 'Cl. 78 # 90-12', 'Barranquilla', '344-456-7890', 'eduardo.dominguez@cliente.com'),
('4040404015', 'Victoria', 'Figueroa', 'Av. 89 # 01-23', 'Barranquilla', '344-567-8901', 'victoria.figueroa@cliente.com'),
('4040404016', 'Alfonso', 'Pacheco', 'Cl. 90 # 12-34', 'Barranquilla', '344-678-9012', 'alfonso.pacheco@cliente.com'),
('4040404017', 'Julieta', 'Espinoza', 'Av. 01 # 23-45', 'Barranquilla', '344-789-0123', 'julieta.espinoza@cliente.com'),
('4040404018', 'César', 'Lara', 'Cl. 12 # 34-56', 'Barranquilla', '344-890-1234', 'cesar.lara@cliente.com'),
('4040404019', 'Marta', 'Márquez', 'Av. 23 # 45-67', 'Barranquilla', '344-901-2345', 'marta.marquez@cliente.com'),
('4040404020', 'Hugo', 'Serrano', 'Cl. 34 # 56-78', 'Barranquilla', '344-012-3456', 'hugo.serrano@cliente.com'),
-- surcursal 5 (cartagena)
('5050505001', 'Ana', 'García', 'Cl. 45 # 67-89', 'Cartagena', '355-123-4567', 'ana.garcia@cliente.com'),
('5050505002', 'Javier', 'López', 'Av. 56 # 78-90', 'Cartagena', '355-234-5678', 'javier.lopez@cliente.com'),
('5050505003', 'Carolina', 'Martínez', 'Cl. 67 # 89-01', 'Cartagena', '355-345-6789', 'carolina.martinez@cliente.com'),
('5050505004', 'Andrea', 'López', 'Av. 78 # 90-12', 'Cartagena', '355-456-7890', 'andrea.lopez@cliente.com'),
('5050505005', 'Alejandro', 'Martínez', 'Cl. 90 # 12-34', 'Cartagena', '355-567-8901', 'alejandro.martinez@cliente.com'),
('5050505006', 'Marcela', 'López', 'Av. 01 # 23-45', 'Cartagena', '355-678-9012', 'marcela.lopez@cliente.com'),
('5050505007', 'Felipe', 'Martínez', 'Cl. 12 # 34-56', 'Cartagena', '355-789-0123', 'felipe.martinez@cliente.com'),
('5050505008', 'Gabriela', 'López', 'Av. 23 # 45-67', 'Cartagena', '355-890-1234', 'gabriela.lopez@cliente.com'),
('5050505009', 'Diego', 'Martínez', 'Cl. 34 # 56-78', 'Cartagena', '355-901-2345', 'diego.martinez@cliente.com'),
('5050505010', 'Carla', 'López', 'Av. 45 # 67-89', 'Cartagena', '355-012-3456', 'carla.lopez@cliente.com'),
('5050505011', 'Andrés', 'Martínez', 'Cl. 56 # 78-90', 'Cartagena', '355-123-4567', 'andres.martinez@cliente.com'),
('5050505012', 'Mónica', 'López', 'Av. 67 # 89-01', 'Cartagena', '355-234-5678', 'monica.lopez@cliente.com'),
('5050505013', 'Juan José', 'Martínez', 'Cl. 78 # 90-12', 'Cartagena', '355-345-6789', 'juanjose.martinez@cliente.com'),
('5050505014', 'Luisa', 'López', 'Av. 89 # 01-23', 'Cartagena', '355-456-7890', 'luisa.lopez@cliente.com'),
('5050505015', 'Carolina', 'Martínez', 'Cl. 90 # 12-34', 'Cartagena', '355-567-8901', 'carolina.martinez@cliente.com'),
('5050505016', 'Felipe', 'López', 'Av. 01 # 23-45', 'Cartagena', '355-678-9012', 'felipe.lopez@cliente.com'),
('5050505017', 'Valentina', 'Martínez', 'Cl. 12 # 34-56', 'Cartagena', '355-789-0123', 'valentina.martinez@cliente.com'),
('5050505018', 'Carlos', 'López', 'Av. 23 # 45-67', 'Cartagena', '355-890-1234', 'carlos.lopez@cliente.com'),
('5050505019', 'Valeria', 'Martínez', 'Cl. 34 # 56-78', 'Cartagena', '355-901-2345', 'valeria.martinez@cliente.com'),
('5050505020', 'Manuel', 'López', 'Av. 45 # 67-89', 'Cartagena', '355-012-3456', 'manuel.lopez@cliente.com');

-- inserciones vehiculo
-- Sucursal 1 (Bogotá)
INSERT INTO Vehiculos (tipo_vehiculo, placa, referencia, modelo, puertas, capacidad, sunroof, motor, color) VALUES
('Deportivo', 'ABC123', 'Chevrolet Aveo', 2020, 4, 5, true, '1.6L', 'Rojo'),
('Deportivo', 'DEF456', 'Renault Sandero', 2019, 4, 5, false, '1.4L', 'Azul'),
('Deportivo', 'GHI789', 'Hyundai i20', 2020, 4, 5, false, '1.2L', 'Blanco'),
('Deportivo', 'JKL012', 'Chevrolet Spark', 2021, 4, 5, false, '1.0L', 'Plata'),
('Deportivo', 'MNO345', 'Kia Picanto', 2020, 4, 5, false, '1.0L', 'Gris'),
('Sedán', 'PQR678', 'Mazda CX-5', 2021, 5, 7, true, '2.5L', 'Negro'),
('Sedán', 'STU901', 'Toyota RAV4', 2020, 5, 7, true, '2.0L', 'Verde'),
('Sedán', 'VWX234', 'Ford EcoSport', 2021, 5, 7, true, '1.5L', 'Rojo'),
('Sedán', 'YZA567', 'Renault Duster', 2020, 5, 7, false, '1.6L', 'Azul'),
('Sedán', 'BCD890', 'Chevrolet Tracker', 2021, 5, 7, true, '1.8L', 'Blanco'),
('Sedán', 'EFG123', 'Hyundai Tucson', 2020, 5, 7, true, '2.0L', 'Plata'),
('SUV', 'HIJ456', 'Nissan Kicks', 2021, 5, 7, false, '1.6L', 'Negro'),
('SUV', 'KLM789', 'Volkswagen T-Cross', 2020, 5, 7, true, '1.4L', 'Blanco'),
('SUV', 'NOP012', 'Renault Captur', 2019, 5, 7, false, '1.6L', 'Gris'),
('SUV', 'QRS345', 'Kia Sportage', 2021, 5, 7, true, '2.0L', 'Negro'),
('SUV', 'TUV678', 'Mazda CX-3', 2020, 5, 7, false, '2.0L', 'Azul'),
('SUV', 'WXY901', 'Toyota Fortuner', 2021, 5, 7, true, '2.8L', 'Blanco'),
('SUV', 'ZAB234', 'Ford Explorer', 2020, 5, 7, true, '3.0L', 'Negro'),
('SUV', 'CDE567', 'Chevrolet Trailblazer', 2021, 5, 7, true, '2.5L', 'Gris'),
('SUV', 'FGH890', 'Hyundai Santa Fe', 2020, 5, 7, true, '2.4L', 'Plata'),
-- Sucursal 2 (Medellín)
('Deportivo', 'IJK123', 'Chevrolet Aveo', 2020, 4, 5, true, '1.6L', 'Rojo'),
('Deportivo', 'LMN456', 'Renault Sandero', 2019, 4, 5, false, '1.4L', 'Azul'),
('Deportivo', 'OPQ789', 'Hyundai i20', 2020, 4, 5, false, '1.2L', 'Blanco'),
('Deportivo', 'RST012', 'Chevrolet Spark', 2021, 4, 5, false, '1.0L', 'Plata'),
('Deportivo', 'UVW345', 'Kia Picanto', 2020, 4, 5, false, '1.0L', 'Gris'),
('Sedán', 'XYZ678', 'Mazda CX-5', 2021, 5, 7, true, '2.5L', 'Negro'),
('Sedán', 'ABC901', 'Toyota RAV4', 2020, 5, 7, true, '2.0L', 'Verde'),
('Sedán', 'DEF234', 'Ford EcoSport', 2021, 5, 7, true, '1.5L', 'Rojo'),
('Sedán', 'GHI567', 'Renault Duster', 2020, 5, 7, false, '1.6L', 'Azul'),
('Sedán', 'JKL890', 'Chevrolet Tracker', 2021, 5, 7, true, '1.8L', 'Blanco'),
('Sedán', 'MNO123', 'Hyundai Tucson', 2020, 5, 7, true, '2.0L', 'Plata'),
('SUV', 'PQR456', 'Nissan Kicks', 2021, 5, 7, false, '1.6L', 'Negro'),
('SUV', 'STU789', 'Volkswagen T-Cross', 2020, 5, 7, true, '1.4L', 'Blanco'),
('SUV', 'VWX012', 'Renault Captur', 2019, 5, 7, false, '1.6L', 'Gris'),
('SUV', 'YZA345', 'Kia Sportage', 2021, 5, 7, true, '2.0L', 'Negro'),
('SUV', 'BCD678', 'Mazda CX-3', 2020, 5, 7, false, '2.0L', 'Azul'),
('SUV', 'EFG901', 'Toyota Fortuner', 2021, 5, 7, true, '2.8L', 'Blanco'),
('SUV', 'HIJ234', 'Ford Explorer', 2020, 5, 7, true, '3.0L', 'Negro'),
('SUV', 'KLM567', 'Chevrolet Trailblazer', 2021, 5, 7, true, '2.5L', 'Gris'),
('SUV', 'NOP890', 'Hyundai Santa Fe', 2020, 5, 7, true, '2.4L', 'Plata'),
-- Sucursal 3 (Cali)
('Deportivo', 'PQR123', 'Chevrolet Aveo', 2020, 4, 5, true, '1.6L', 'Rojo'),
('Deportivo', 'STU456', 'Renault Sandero', 2019, 4, 5, false, '1.4L', 'Azul'),
('Deportivo', 'VWX789', 'Hyundai i20', 2020, 4, 5, false, '1.2L', 'Blanco'),
('Deportivo', 'YZA012', 'Chevrolet Spark', 2021, 4, 5, false, '1.0L', 'Plata'),
('Deportivo', 'BCD345', 'Kia Picanto', 2020, 4, 5, false, '1.0L', 'Gris'),
('Sedán', 'EFG678', 'Mazda CX-5', 2021, 5, 7, true, '2.5L', 'Negro'),
('Sedán', 'HIJ901', 'Toyota RAV4', 2020, 5, 7, true, '2.0L', 'Verde'),
('Sedán', 'KLM234', 'Ford EcoSport', 2021, 5, 7, true, '1.5L', 'Rojo'),
('Sedán', 'NOP567', 'Renault Duster', 2020, 5, 7, false, '1.6L', 'Azul'),
('Sedán', 'QRS890', 'Chevrolet Tracker', 2021, 5, 7, true, '1.8L', 'Blanco'),
('Sedán', 'TUV123', 'Hyundai Tucson', 2020, 5, 7, true, '2.0L', 'Plata'),
('Sedán', 'WXY456', 'Nissan Kicks', 2021, 5, 7, false, '1.6L', 'Negro'),
('SUV', 'ZAB789', 'Volkswagen T-Cross', 2020, 5, 7, true, '1.4L', 'Blanco'),
('SUV', 'CDE012', 'Renault Captur', 2019, 5, 7, false, '1.6L', 'Gris'),
('SUV', 'FGH345', 'Kia Sportage', 2021, 5, 7, true, '2.0L', 'Negro'),
('SUV', 'IJK678', 'Mazda CX-3', 2020, 5, 7, false, '2.0L', 'Azul'),
('SUV', 'LMN901', 'Toyota Fortuner', 2021, 5, 7, true, '2.8L', 'Blanco'),
('SUV', 'OPQ234', 'Ford Explorer', 2020, 5, 7, true, '3.0L', 'Negro'),
('SUV', 'RST567', 'Chevrolet Trailblazer', 2021, 5, 7, true, '2.5L', 'Gris'),
('SUV', 'UVW890', 'Hyundai Santa Fe', 2020, 5, 7, true, '2.4L', 'Plata'),

-- Sucursal 4 (Barranquilla)
('Automóvil Deportivo', 'ABC456', 'Renault Sandero', 2019, 4, 5, false, '1.4L', 'Azul'),
('Automóvil Deportivo', 'DEF789', 'Hyundai i20', 2020, 4, 5, false, '1.2L', 'Blanco'),
('Automóvil Deportivo', 'GHI012', 'Chevrolet Spark', 2021, 4, 5, false, '1.0L', 'Plata'),
('Automóvil Deportivo', 'JKL345', 'Kia Picanto', 2020, 4, 5, false, '1.0L', 'Gris'),
('Camioneta SUV', 'MNO678', 'Mazda CX-5', 2021, 5, 7, true, '2.5L', 'Negro'),
('Camioneta SUV', 'PQR901', 'Toyota RAV4', 2020, 5, 7, true, '2.0L', 'Verde'),
('Camioneta SUV', 'STU234', 'Ford EcoSport', 2021, 5, 7, true, '1.5L', 'Rojo'),
('Camioneta SUV', 'VWX567', 'Renault Duster', 2020, 5, 7, false, '1.6L', 'Azul'),
('Camioneta SUV', 'YZA890', 'Chevrolet Tracker', 2021, 5, 7, true, '1.8L', 'Blanco'),
('Camioneta SUV', 'BCD123', 'Hyundai Tucson', 2020, 5, 7, true, '2.0L', 'Plata'),
('Camioneta SUV', 'EFG456', 'Nissan Kicks', 2021, 5, 7, false, '1.6L', 'Negro'),
('Camioneta SUV', 'HIJ789', 'Volkswagen T-Cross', 2020, 5, 7, true, '1.4L', 'Blanco'),
('Camioneta SUV', 'KLM012', 'Renault Captur', 2019, 5, 7, false, '1.6L', 'Gris'),
('Camioneta SUV', 'NOP345', 'Kia Sportage', 2021, 5, 7, true, '2.0L', 'Negro'),
('Camioneta SUV', 'QRS678', 'Mazda CX-3', 2020, 5, 7, false, '2.0L', 'Azul'),
('Camioneta SUV', 'TUV901', 'Toyota Fortuner', 2021, 5, 7, true, '2.8L', 'Blanco'),
('Camioneta SUV', 'WXY234', 'Ford Explorer', 2020, 5, 7, true, '3.0L', 'Negro'),
('Camioneta SUV', 'ZAB567', 'Chevrolet Trailblazer', 2021, 5, 7, true, '2.5L', 'Gris'),
('Camioneta SUV', 'CDE890', 'Hyundai Santa Fe', 2020, 5, 7, true, '2.4L', 'Plata'),
('Automóvil Deportivo', 'FGH123', 'Chevrolet Aveo', 2020, 4, 5, true, '1.6L', 'Rojo'),

-- Sucursal 5 (Cartagena)
('Automóvil Deportivo', 'PQR789', 'Chevrolet Aveo', 2020, 4, 5, true, '1.6L', 'Rojo'),
('Automóvil Deportivo', 'STU012', 'Renault Sandero', 2019, 4, 5, false, '1.4L', 'Azul'),
('Automóvil Deportivo', 'VWX345', 'Hyundai i20', 2020, 4, 5, false, '1.2L', 'Blanco'),
('Automóvil Deportivo', 'YZA678', 'Chevrolet Spark', 2021, 4, 5, false, '1.0L', 'Plata'),
('Automóvil Deportivo', 'BCD901', 'Kia Picanto', 2020, 4, 5, false, '1.0L', 'Gris'),
('Camioneta SUV', 'EFG234', 'Mazda CX-5', 2021, 5, 7, true, '2.5L', 'Negro'),
('Camioneta SUV', 'HIJ567', 'Toyota RAV4', 2020, 5, 7, true, '2.0L', 'Verde'),
('Camioneta SUV', 'KLM890', 'Ford EcoSport', 2021, 5, 7, true, '1.5L', 'Rojo'),
('Camioneta SUV', 'NOP123', 'Renault Duster', 2020, 5, 7, false, '1.6L', 'Azul'),
('Camioneta SUV', 'QRS456', 'Chevrolet Tracker', 2021, 5, 7, true, '1.8L', 'Blanco'),
('Camioneta SUV', 'TUV789', 'Hyundai Tucson', 2020, 5, 7, true, '2.0L', 'Plata'),
('Camioneta SUV', 'WXY012', 'Nissan Kicks', 2021, 5, 7, false, '1.6L', 'Negro'),
('Camioneta SUV', 'ZAB345', 'Volkswagen T-Cross', 2020, 5, 7, true, '1.4L', 'Blanco'),
('Camioneta SUV', 'CDE678', 'Renault Captur', 2019, 5, 7, false, '1.6L', 'Gris'),
('Camioneta SUV', 'FGH901', 'Kia Sportage', 2021, 5, 7, true, '2.0L', 'Negro'),
('Camioneta SUV', 'IJK234', 'Mazda CX-3', 2020, 5, 7, false, '2.0L', 'Azul'),
('Camioneta SUV', 'LMN567', 'Toyota Fortuner', 2021, 5, 7, true, '2.8L', 'Blanco'),
('Camioneta SUV', 'OPQ890', 'Ford Explorer', 2020, 5, 7, true, '3.0L', 'Negro'),
('Camioneta SUV', 'RST123', 'Chevrolet Trailblazer', 2021, 5, 7, true, '2.5L', 'Gris'),
('Camioneta SUV', 'UVW456', 'Hyundai Santa Fe', 2020, 5, 7, true, '2.4L', 'Plata');


-- insercciones alquiler

-- Inserción de un alquiler realizado
INSERT INTO Alquileres (vehiculo_id, cliente_id, empleado_id, sucursal_salida_id, fecha_salida, sucursal_llegada_id, fecha_llegada, fecha_esperada_llegada, valor_alquiler_semana, valor_alquiler_dia, porcentaje_descuento, valor_cotizado, valor_pagado)
VALUES
(1, 1, 1, 1, '2024-06-01', 2, '2024-06-07', '2024-06-07', 500.00, 100.00, 0.00, 500.00, 500.00),
(2, 2, 2, 2, '2024-06-02', 1, '2024-06-08', '2024-06-08', 600.00, 120.00, 5.00, 630.00, 630.00),
(3, 3, 3, 1, '2024-06-03', 2, '2024-06-09', '2024-06-09', 450.00, 90.00, 10.00, 495.00, 495.00),
(4, 4, 1, 2, '2024-06-04', 1, '2024-06-10', '2024-06-10', 700.00, 140.00, 0.00, 700.00, 700.00),
(5, 5, 2, 1, '2024-06-05', 2, '2024-06-11', '2024-06-11', 550.00, 110.00, 8.00, 600.00, 600.00),
(6, 6, 3, 1, '2024-06-06', 1, '2024-06-12', '2024-06-12', 480.00, 96.00, 3.00, 490.00, 490.00),
(7, 7, 1, 2, '2024-06-07', 2, '2024-06-13', '2024-06-13', 650.00, 130.00, 0.00, 650.00, 650.00),
(8, 8, 2, 1, '2024-06-08', 1, '2024-06-14', '2024-06-14', 520.00, 104.00, 7.00, 560.00, 560.00),
(9, 9, 3, 2, '2024-06-09', 2, '2024-06-15', '2024-06-15', 600.00, 120.00, 0.00, 600.00, 600.00),
(10, 10, 1, 1, '2024-06-10', 1, '2024-06-16', '2024-06-16', 480.00, 96.00, 5.00, 504.00, 504.00),
(11, 1, 2, 2, '2024-06-11', 2, '2024-06-17', '2024-06-17', 550.00, 110.00, 0.00, 550.00, 550.00),
(12, 2, 3, 1, '2024-06-12', 1, '2024-06-18', '2024-06-18', 650.00, 130.00, 10.00, 715.00, 715.00),
(13, 3, 1, 2, '2024-06-13', 2, '2024-06-19', '2024-06-19', 480.00, 96.00, 0.00, 480.00, 480.00),
(14, 4, 2, 1, '2024-06-14', 1, '2024-06-20', '2024-06-20', 700.00, 140.00, 8.00, 756.00, 756.00),
(15, 5, 3, 2, '2024-06-15', 2, '2024-06-21', '2024-06-21', 550.00, 110.00, 0.00, 550.00, 550.00),
(16, 6, 1, 1, '2024-06-16', 1, '2024-06-22', '2024-06-22', 480.00, 96.00, 5.00, 504.00, 504.00),
(17, 7, 2, 2, '2024-06-17', 2, '2024-06-23', '2024-06-23', 650.00, 130.00, 0.00, 650.00, 650.00),
(18, 8, 3, 1, '2024-06-18', 1, '2024-06-24', '2024-06-24', 520.00, 104.00, 3.00, 535.60, 535.60),
(19, 9, 1, 2, '2024-06-19', 2, '2024-06-25', '2024-06-25', 600.00, 120.00, 10.00, 660.00, 660.00),
(20, 10, 2, 1, '2024-06-20', 1, '2024-06-26', '2024-06-26', 480.00, 96.00, 0.00, 480.00, 480.00),
(21, 1, 3, 1, '2024-06-21', 2, '2024-06-27', '2024-06-27', 550.00, 110.00, 8.00, 594.00, 594.00),
(22, 2, 1, 2, '2024-06-22', 1, '2024-06-28', '2024-06-28', 650.00, 130.00, 0.00, 650.00, 650.00),
(23, 3, 2, 1, '2024-06-23', 2, '2024-06-29', '2024-06-29', 480.00, 96.00, 5.00, 504.00, 504.00),
(24, 4, 3, 2, '2024-06-24', 1, '2024-06-30', '2024-06-30', 700.00, 140.00, 0.00, 700.00, 700.00),
(25, 5, 1, 1, '2024-06-25', 2, '2024-07-01', '2024-07-01', 550.00, 110.00, 3.00, 566.50, 566.50),
(26, 6, 2, 2, '2024-06-26', 1, '2024-07-02', '2024-07-02', 480.00, 96.00, 10.00, 528.00, 528.00),
(27, 7, 3, 1, '2024-06-27', 2, '2024-07-03', '2024-07-03', 650.00, 130.00, 0.00, 650.00, 650.00),
(28, 8, 1, 2, '2024-06-28', 1, '2024-07-04', '2024-07-04', 520.00, 104.00, 8.00, 561.60, 561.60),
(29, 9, 2, 1, '2024-06-29', 2, '2024-07-05', '2024-07-05', 600.00, 120.00, 0.00, 600.00, 600.00),
(30, 10, 3, 2, '2024-06-30', 1, '2024-07-06', '2024-07-06', 480.00, 96.00, 5.00, 504.00, 504.00),
(31, 1, 1, 1, '2024-07-01', 2, '2024-07-07', '2024-07-07', 500.00, 100.00, 0.00, 500.00, 500.00),
(32, 2, 2, 2, '2024-07-02', 1, '2024-07-08', '2024-07-08', 600.00, 120.00, 3.00, 618.00, 618.00),
(33, 3, 3, 1, '2024-07-03', 2, '2024-07-09', '2024-07-09', 450.00, 90.00, 10.00, 495.00, 495.00),
(34, 4, 1, 2, '2024-07-04', 1, '2024-07-10', '2024-07-10', 700.00, 140.00, 0.00, 700.00, 700.00),
(35, 5, 2, 1, '2024-07-05', 2, '2024-07-11', '2024-07-11', 550.00, 110.00, 5.00, 577.50, 577.50),
(36, 6, 3, 1, '2024-07-06', 1, '2024-07-12', '2024-07-12', 480.00, 96.00, 8.00, 518.40, 518.40),
(37, 7, 1, 2, '2024-07-07', 2, '2024-07-13', '2024-07-13', 650.00, 130.00, 0.00, 650.00, 650.00),
(38, 8, 2, 1, '2024-07-08', 1, '2024-07-14', '2024-07-14', 520.00, 104.00, 3.00, 535.60, 535.60),
(39, 9, 3, 2, '2024-07-09', 2, '2024-07-15', '2024-07-15', 600.00, 120.00, 10.00, 660.00, 660.00),
(40, 10, 1, 1, '2024-07-10', 1, '2024-07-16', '2024-07-16', 480.00, 96.00, 0.00, 480.00, 480.00),
(41, 1, 2, 2, '2024-07-11', 2, '2024-07-17', '2024-07-17', 550.00, 110.00, 5.00, 577.50, 577.50),
(42, 2, 3, 1, '2024-07-12', 1, '2024-07-18', '2024-07-18', 650.00, 130.00, 8.00, 702.00, 702.00),
(43, 3, 1, 2, '2024-07-13', 2, '2024-07-19', '2024-07-19', 480.00, 96.00, 0.00, 480.00, 480.00),
(44, 4, 2, 1, '2024-07-14', 1, '2024-07-20', '2024-07-20', 700.00, 140.00, 3.00, 721.00, 721.00),
(45, 5, 3, 2, '2024-07-15', 2, '2024-07-21', '2024-07-21', 550.00, 110.00, 10.00, 605.00, 605.00),
(46, 6, 1, 1, '2024-07-16', 1, '2024-07-22', '2024-07-22', 480.00, 96.00, 0.00, 480.00, 480.00),
(47, 7, 2, 2, '2024-07-17', 2, '2024-07-23', '2024-07-23', 650.00, 130.00, 5.00, 682.50, 682.50),
(48, 8, 3, 1, '2024-07-18', 1, '2024-07-24', '2024-07-24', 520.00, 104.00, 8.00, 561.60, 561.60),
(49, 9, 1, 2, '2024-07-19', 2, '2024-07-25', '2024-07-25', 600.00, 120.00, 0.00, 600.00, 600.00),
(50, 10, 2, 1, '2024-07-20', 1, '2024-07-26', '2024-07-26', 480.00, 96.00, 3.00, 494.40, 494.40),
(51, 1, 3, 1, '2024-07-21', 2, '2024-07-27', '2024-07-27', 550.00, 110.00, 0.00, 550.00, 550.00),
(52, 2, 1, 2, '2024-07-22', 1, '2024-07-28', '2024-07-28', 650.00, 130.00, 5.00, 682.50, 682.50),
(53, 3, 2, 1, '2024-07-23', 2, '2024-07-29', '2024-07-29', 480.00, 96.00, 10.00, 528.00, 528.00),
(54, 4, 3, 2, '2024-07-24', 1, '2024-07-30', '2024-07-30', 700.00, 140.00, 0.00, 700.00, 700.00),
(55, 5, 1, 1, '2024-07-25', 2, '2024-07-31', '2024-07-31', 550.00, 110.00, 8.00, 594.00, 594.00),
(56, 6, 2, 2, '2024-07-26', 1, '2024-08-01', '2024-08-01', 480.00, 96.00, 0.00, 480.00, 480.00),
(57, 7, 3, 1, '2024-07-27', 2, '2024-08-02', '2024-08-02', 650.00, 130.00, 3.00, 669.50, 669.50),
(58, 8, 1, 2, '2024-07-28', 1, '2024-08-03', '2024-08-03', 520.00, 104.00, 10.00, 572.00, 572.00),
(59, 9, 2, 1, '2024-07-29', 2, '2024-08-04', '2024-08-04', 600.00, 120.00, 0.00, 600.00, 600.00),
(60, 10, 3, 2, '2024-07-30', 1, '2024-08-05', '2024-08-05', 480.00, 96.00, 5.00, 504.00, 504.00),
(61, 1, 1, 1, '2024-07-31', 2, '2024-08-06', '2024-08-06', 500.00, 100.00, 0.00, 500.00, 500.00),
(62, 2, 2, 2, '2024-08-01', 1, '2024-08-07', '2024-08-07', 600.00, 120.00, 3.00, 618.00, 618.00),
(63, 3, 3, 1, '2024-08-02', 2, '2024-08-08', '2024-08-08', 450.00, 90.00, 0.00, 450.00, 450.00),
(64, 4, 1, 2, '2024-08-03', 1, '2024-08-09', '2024-08-09', 700.00, 140.00, 5.00, 735.00, 735.00),
(65, 5, 2, 1, '2024-08-04', 2, '2024-08-10', '2024-08-10', 550.00, 110.00, 8.00, 594.00, 594.00),
(66, 6, 3, 1, '2024-08-05', 1, '2024-08-11', '2024-08-11', 480.00, 96.00, 0.00, 480.00, 480.00),
(67, 7, 1, 2, '2024-08-06', 2, '2024-08-12', '2024-08-12', 650.00, 130.00, 10.00, 715.00, 715.00),
(68, 8, 2, 1, '2024-08-07', 1, '2024-08-13', '2024-08-13', 520.00, 104.00, 0.00, 520.00, 520.00),
(69, 9, 3, 2, '2024-08-08', 2, '2024-08-14', '2024-08-14', 600.00, 120.00, 5.00, 630.00, 630.00),
(70, 10, 1, 1, '2024-08-09', 1, '2024-08-15', '2024-08-15', 480.00, 96.00, 0.00, 480.00, 480.00),
(71, 1, 2, 2, '2024-08-10', 2, '2024-08-16', '2024-08-16', 550.00, 110.00, 3.00, 566.50, 566.50),
(72, 2, 3, 1, '2024-08-11', 1, '2024-08-17', '2024-08-17', 650.00, 130.00, 8.00, 702.00, 702.00),
(73, 3, 1, 2, '2024-08-12', 2, '2024-08-18', '2024-08-18', 480.00, 96.00, 0.00, 480.00, 480.00),
(74, 4, 2, 1, '2024-08-13', 1, '2024-08-19', '2024-08-19', 700.00, 140.00, 10.00, 770.00, 770.00),
(75, 5, 3, 2, '2024-08-14', 2, '2024-08-20', '2024-08-20', 550.00, 110.00, 0.00, 550.00, 550.00),
(76, 6, 1, 1, '2024-08-15', 1, '2024-08-21', '2024-08-21', 480.00, 96.00, 5.00, 504.00, 504.00),
(77, 7, 2, 2, '2024-08-16', 2, '2024-08-22', '2024-08-22', 650.00, 130.00, 0.00, 650.00, 650.00),
(78, 8, 3, 1, '2024-08-17', 1, '2024-08-23', '2024-08-23', 520.00, 104.00, 8.00, 561.60, 561.60),
(79, 9, 1, 2, '2024-08-18', 2, '2024-08-24', '2024-08-24', 600.00, 120.00, 0.00, 600.00, 600.00),
(80, 10, 2, 1, '2024-08-19', 1, '2024-08-25', '2024-08-25', 480.00, 96.00, 3.00, 494.40, 494.40),
(81, 1, 3, 1, '2024-08-20', 2, '2024-08-26', '2024-08-26', 550.00, 110.00, 0.00, 550.00, 550.00),
(82, 2, 1, 2, '2024-08-21', 1, '2024-08-27', '2024-08-27', 650.00, 130.00, 5.00, 682.50, 682.50),
(83, 3, 2, 1, '2024-08-22', 2, '2024-08-28', '2024-08-28', 480.00, 96.00, 10.00, 528.00, 528.00),
(84, 4, 3, 2, '2024-08-23', 1, '2024-08-29', '2024-08-29', 700.00, 140.00, 0.00, 700.00, 700.00),
(85, 5, 1, 1, '2024-08-24', 2, '2024-08-30', '2024-08-30', 550.00, 110.00, 8.00, 594.00, 594.00),
(86, 6, 2, 2, '2024-08-25', 1, '2024-08-31', '2024-08-31', 480.00, 96.00, 0.00, 480.00, 480.00),
(87, 7, 3, 1, '2024-08-26', 2, '2024-09-01', '2024-09-01', 650.00, 130.00, 3.00, 669.50, 669.50),
(88, 8, 1, 2, '2024-08-27', 1, '2024-09-02', '2024-09-02', 520.00, 104.00, 10.00, 572.00, 572.00),
(89, 9, 2, 1, '2024-08-28', 2, '2024-09-03', '2024-09-03', 600.00, 120.00, 0.00, 600.00, 600.00),
(90, 10, 3, 2, '2024-08-29', 1, '2024-09-04', '2024-09-04', 480.00, 96.00, 5.00, 504.00, 504.00),
(91, 1, 1, 1, '2024-08-30', 2, '2024-09-05', '2024-09-05', 500.00, 100.00, 0.00, 500.00, 500.00),
(92, 2, 2, 2, '2024-08-31', 1, '2024-09-06', '2024-09-06', 600.00, 120.00, 3.00, 618.00, 618.00),
(93, 3, 3, 1, '2024-09-01', 2, '2024-09-07', '2024-09-07', 450.00, 90.00, 0.00, 450.00, 450.00),
(94, 4, 1, 2, '2024-09-02', 1, '2024-09-08', '2024-09-08', 700.00, 140.00, 5.00, 735.00, 735.00),
(95, 5, 2, 1, '2024-09-03', 2, '2024-09-09', '2024-09-09', 550.00, 110.00, 8.00, 594.00, 594.00),
(96, 6, 3, 1, '2024-09-04', 1, '2024-09-10', '2024-09-10', 480.00, 96.00, 0.00, 480.00, 480.00),
(97, 7, 1, 2, '2024-09-05', 2, '2024-09-11', '2024-09-11', 650.00, 130.00, 10.00, 715.00, 715.00),
(98, 8, 2, 1, '2024-09-06', 1, '2024-09-12', '2024-09-12', 520.00, 104.00, 0.00, 520.00, 520.00),
(99, 9, 3, 2, '2024-09-07', 2, '2024-09-13', '2024-09-13', 600.00, 120.00, 5.00, 630.00, 630.00),
(100, 10, 1, 1, '2024-09-08', 1, '2024-09-14', '2024-09-14', 480.00, 96.00, 0.00, 480.00, 480.00);

